[
  {
    "model": "cadastros.secretaria",
    "pk": 1,
    "fields": {
      "nome": "Secretaria Municipal de Educação",
      "sigla": "SEME"
    }
  },
  {
    "model": "cadastros.secretaria",
    "pk": 2,
    "fields": {
      "nome": "Secretaria Municipal de Meio Ambiente",
      "sigla": "SEMA"
    }
  },
  {
    "model": "cadastros.secretaria",
    "pk": 3,
    "fields": {
      "nome": "Secretaria Municipal de Saúde",
      "sigla": "SAÚDE"
    }
  },
  {
    "model": "cadastros.secretaria",
    "pk": 4,
    "fields": {
      "nome": "Secretaria Municipal de Administração e Finanças",
      "sigla": "SEMAF"
    }
  },
  {
    "model": "cadastros.instituicao",
    "pk": 1,
    "fields": {
      "nome": "Escola Municipal Monteiro Lobato",
      "tipo": "ESCOLA",
      "secretaria": 1
    }
  },
  {
    "model": "cadastros.instituicao",
    "pk": 2,
    "fields": {
      "nome": "Creche Casulo Pintando o Sete",
      "tipo": "CRECHE",
      "secretaria": 1
    }
  },
  {
    "model": "cadastros.instituicao",
    "pk": 3,
    "fields": {
      "nome": "CMEI Primeiros Passos",
      "tipo": "CRECHE",
      "secretaria": 1
    }
  },
  {
    "model": "cadastros.instituicao",
    "pk": 4,
    "fields": {
      "nome": "Escola de Ensino Fundamental Novo Tempo",
      "tipo": "ESCOLA",
      "secretaria": 1
    }
  },
  {
    "model": "cadastros.instituicao",
    "pk": 5,
    "fields": {
      "nome": "Biblioteca Municipal Central",
      "tipo": "OUTRO",
      "secretaria": 1
    }
  },
  {
    "model": "cadastros.instituicao",
    "pk": 6,
    "fields": {
      "nome": "Escola Rural Boa Vista",
      "tipo": "ESCOLA",
      "secretaria": 1
    }
  },
  {
    "model": "cadastros.instituicao",
    "pk": 7,
    "fields": {
      "nome": "Creche Municipal Tia Anastácia",
      "tipo": "CRECHE",
      "secretaria": 1
    }
  },
  {
    "model": "cadastros.instituicao",
    "pk": 8,
    "fields": {
      "nome": "Viveiro Municipal de Mudas",
      "tipo": "OUTRO",
      "secretaria": 2
    }
  },
  {
    "model": "cadastros.instituicao",
    "pk": 9,
    "fields": {
      "nome": "Aterro Sanitário Municipal",
      "tipo": "OUTRO",
      "secretaria": 2
    }
  },
  {
    "model": "cadastros.instituicao",
    "pk": 10,
    "fields": {
      "nome": "Parque de Exposições",
      "tipo": "OUTRO",
      "secretaria": 2
    }
  },
  {
    "model": "cadastros.instituicao",
    "pk": 11,
    "fields": {
      "nome": "Centro de Triagem de Recicláveis",
      "tipo": "OUTRO",
      "secretaria": 2
    }
  },
  {
    "model": "cadastros.instituicao",
    "pk": 12,
    "fields": {
      "nome": "Horta Comunitária Sul",
      "tipo": "OUTRO",
      "secretaria": 2
    }
  },
  {
    "model": "cadastros.instituicao",
    "pk": 13,
    "fields": {
      "nome": "Base de Fiscalização Ambiental",
      "tipo": "OUTRO",
      "secretaria": 2
    }
  },
  {
    "model": "cadastros.instituicao",
    "pk": 14,
    "fields": {
      "nome": "Departamento de Parques e Jardins",
      "tipo": "OUTRO",
      "secretaria": 2
    }
  },
  {
    "model": "cadastros.instituicao",
    "pk": 15,
    "fields": {
      "nome": "Centro de Especialidades Médicas",
      "tipo": "OUTRO",
      "secretaria": 3
    }
  },
  {
    "model": "cadastros.instituicao",
    "pk": 16,
    "fields": {
      "nome": "Vigilância Sanitária",
      "tipo": "OUTRO",
      "secretaria": 3
    }
  },
  {
    "model": "cadastros.instituicao",
    "pk": 17,
    "fields": {
      "nome": "Posto de Saúde Central",
      "tipo": "UPA",
      "secretaria": 3
    }
  },
  {
    "model": "cadastros.instituicao",
    "pk": 18,
    "fields": {
      "nome": "UPA 24 Horas Vila Nova",
      "tipo": "UPA",
      "secretaria": 3
    }
  },
  {
    "model": "cadastros.instituicao",
    "pk": 19,
    "fields": {
      "nome": "Hospital Municipal Dr. José Frota",
      "tipo": "HOSPITAL",
      "secretaria": 3
    }
  },
  {
    "model": "cadastros.instituicao",
    "pk": 20,
    "fields": {
      "nome": "Centro de Vacinação Municipal",
      "tipo": "OUTRO",
      "secretaria": 3
    }
  },
  {
    "model": "cadastros.rota",
    "pk": 1,
    "fields": {
      "descricao": "Transporte Escolar - Zona Rural Sul",
      "secretaria": 1,
      "instituicao": 1,
      "distancia_km": "7.25",
      "consumo_medio": "3.850",
      "detalhes": "Percurso de terra com 12 paradas fixas",
      "ativa": true
    }
  },
  {
    "model": "cadastros.rota",
    "pk": 2,
    "fields": {
      "descricao": "Linha Creches Centro-Norte",
      "secretaria": 1,
      "instituicao": 2,
      "distancia_km": "9.50",
      "consumo_medio": "4.200",
      "detalhes": "Trajeto urbano pavimentado",
      "ativa": true
    }
  },
  {
    "model": "cadastros.rota",
    "pk": 3,
    "fields": {
      "descricao": "Coleta Materiais Pedagógicos",
      "secretaria": 1,
      "instituicao": 3,
      "distancia_km": "11.75",
      "consumo_medio": "4.550",
      "detalhes": "Logística interna entre almoxarifado e CMEI",
      "ativa": true
    }
  },
  {
    "model": "cadastros.rota",
    "pk": 4,
    "fields": {
      "descricao": "Ronda Escolar Regional Oeste",
      "secretaria": 1,
      "instituicao": 4,
      "distancia_km": "14.00",
      "consumo_medio": "4.900",
      "detalhes": "Vigilância patrimonial de unidades escolares",
      "ativa": true
    }
  },
  {
    "model": "cadastros.rota",
    "pk": 5,
    "fields": {
      "descricao": "Circuito Bibliotecas Itinerantes",
      "secretaria": 1,
      "instituicao": 5,
      "distancia_km": "16.25",
      "consumo_medio": "5.250",
      "detalhes": "Distribuição quinzenal de acervo",
      "ativa": true
    }
  },
  {
    "model": "cadastros.rota",
    "pk": 6,
    "fields": {
      "descricao": "Transporte Docente - Ramal da Esperança",
      "secretaria": 1,
      "instituicao": 6,
      "distancia_km": "18.50",
      "consumo_medio": "5.600",
      "detalhes": "Saída às 06:30 da sede",
      "ativa": true
    }
  },
  {
    "model": "cadastros.rota",
    "pk": 7,
    "fields": {
      "descricao": "Entrega Merenda Escolar Polo I",
      "secretaria": 1,
      "instituicao": 7,
      "distancia_km": "20.75",
      "consumo_medio": "3.500",
      "detalhes": "Caminhão refrigerado",
      "ativa": true
    }
  },
  {
    "model": "cadastros.rota",
    "pk": 8,
    "fields": {
      "descricao": "Fiscalização de Desmatamento",
      "secretaria": 2,
      "instituicao": 8,
      "distancia_km": "23.00",
      "consumo_medio": "3.850",
      "detalhes": "Rota em áreas de preservação permanente",
      "ativa": true
    }
  },
  {
    "model": "cadastros.rota",
    "pk": 9,
    "fields": {
      "descricao": "Transporte de Resíduos Classe A",
      "secretaria": 2,
      "instituicao": 9,
      "distancia_km": "25.25",
      "consumo_medio": "4.200",
      "detalhes": "Destinação final no aterro sanitário",
      "ativa": true
    }
  },
  {
    "model": "cadastros.rota",
    "pk": 10,
    "fields": {
      "descricao": "Manutenção Praças Setor Leste",
      "secretaria": 2,
      "instituicao": 10,
      "distancia_km": "27.50",
      "consumo_medio": "4.550",
      "detalhes": "Equipe de poda e jardinagem",
      "ativa": true
    }
  },
  {
    "model": "cadastros.rota",
    "pk": 11,
    "fields": {
      "descricao": "Monitoramento de Nascentes",
      "secretaria": 2,
      "instituicao": 11,
      "distancia_km": "29.75",
      "consumo_medio": "4.900",
      "detalhes": "Coleta de amostras de água",
      "ativa": true
    }
  },
  {
    "model": "cadastros.rota",
    "pk": 12,
    "fields": {
      "descricao": "Abastecimento Hortas Escolares",
      "secretaria": 2,
      "instituicao": 12,
      "distancia_km": "32.00",
      "consumo_medio": "5.250",
      "detalhes": "Transporte de adubo e insumos orgânicos",
      "ativa": true
    }
  },
  {
    "model": "cadastros.rota",
    "pk": 13,
    "fields": {
      "descricao": "Patrulha Ambiental Urbana",
      "secretaria": 2,
      "instituicao": 13,
      "distancia_km": "34.25",
      "consumo_medio": "5.600",
      "detalhes": "Atendimento de denúncias via canal 156",
      "ativa": true
    }
  },
  {
    "model": "cadastros.rota",
    "pk": 14,
    "fields": {
      "descricao": "Vistoria Árvores Urbanas - Centro",
      "secretaria": 2,
      "instituicao": 14,
      "distancia_km": "36.50",
      "consumo_medio": "3.500",
      "detalhes": "Equipe de engenheiros agrônomos",
      "ativa": true
    }
  },
  {
    "model": "cadastros.rota",
    "pk": 15,
    "fields": {
      "descricao": "Transporte de Pacientes Hemodiálise",
      "secretaria": 3,
      "instituicao": 15,
      "distancia_km": "38.75",
      "consumo_medio": "3.850",
      "detalhes": "Micro-ônibus adaptado",
      "ativa": true
    }
  },
  {
    "model": "cadastros.rota",
    "pk": 16,
    "fields": {
      "descricao": "Bloqueio Epidemiológico - Dengue",
      "secretaria": 3,
      "instituicao": 16,
      "distancia_km": "41.00",
      "consumo_medio": "4.200",
      "detalhes": "Aplicação de inseticida (fumacê)",
      "ativa": true
    }
  },
  {
    "model": "cadastros.rota",
    "pk": 17,
    "fields": {
      "descricao": "Suporte Unidades Básicas Rurais",
      "secretaria": 3,
      "instituicao": 17,
      "distancia_km": "43.25",
      "consumo_medio": "4.550",
      "detalhes": "Entrega de medicamentos e vacinas",
      "ativa": true
    }
  },
  {
    "model": "cadastros.rota",
    "pk": 18,
    "fields": {
      "descricao": "Emergência 192 - Unidade Alfa",
      "secretaria": 3,
      "instituicao": 18,
      "distancia_km": "45.50",
      "consumo_medio": "4.900",
      "detalhes": "Prontidão para socorro imediato",
      "ativa": true
    }
  },
  {
    "model": "cadastros.rota",
    "pk": 19,
    "fields": {
      "descricao": "Transferência Inter-Hospitalar",
      "secretaria": 3,
      "instituicao": 19,
      "distancia_km": "47.75",
      "consumo_medio": "5.250",
      "detalhes": "Remoção de pacientes críticos",
      "ativa": true
    }
  },
  {
    "model": "cadastros.rota",
    "pk": 20,
    "fields": {
      "descricao": "Vacinação em Domicílio - Idosos",
      "secretaria": 3,
      "instituicao": 20,
      "distancia_km": "50.00",
      "consumo_medio": "5.600",
      "detalhes": "Campanha anual de gripe",
      "ativa": true
    }
  },
  {
    "model": "frota.condutor",
    "pk": 1,
    "fields": {
      "nome_completo": "Ricardo Silva Pereira",
      "cpf": "12345000001",
      "ativo": true
    }
  },
  {
    "model": "frota.condutor",
    "pk": 2,
    "fields": {
      "nome_completo": "Ana Cláudia Martins",
      "cpf": "12345000002",
      "ativo": true
    }
  },
  {
    "model": "frota.condutor",
    "pk": 3,
    "fields": {
      "nome_completo": "Marcos Antônio Santos",
      "cpf": "12345000003",
      "ativo": true
    }
  },
  {
    "model": "frota.condutor",
    "pk": 4,
    "fields": {
      "nome_completo": "Juliana Souza Lima",
      "cpf": "12345000004",
      "ativo": true
    }
  },
  {
    "model": "frota.condutor",
    "pk": 5,
    "fields": {
      "nome_completo": "Fernando Oliveira Cruz",
      "cpf": "12345000005",
      "ativo": true
    }
  },
  {
    "model": "frota.condutor",
    "pk": 6,
    "fields": {
      "nome_completo": "Patrícia Gomes Ferreira",
      "cpf": "12345000006",
      "ativo": true
    }
  },
  {
    "model": "frota.condutor",
    "pk": 7,
    "fields": {
      "nome_completo": "Luiz Gustavo Mendes",
      "cpf": "12345000007",
      "ativo": true
    }
  },
  {
    "model": "frota.condutor",
    "pk": 8,
    "fields": {
      "nome_completo": "Beatriz Rocha Cavalcanti",
      "cpf": "12345000008",
      "ativo": true
    }
  },
  {
    "model": "frota.condutor",
    "pk": 9,
    "fields": {
      "nome_completo": "Carlos Eduardo Xavier",
      "cpf": "12345000009",
      "ativo": true
    }
  },
  {
    "model": "frota.condutor",
    "pk": 10,
    "fields": {
      "nome_completo": "Sônia Maria Albuquerque",
      "cpf": "12345000010",
      "ativo": true
    }
  },
  {
    "model": "frota.condutor",
    "pk": 11,
    "fields": {
      "nome_completo": "Renato Augusto Machado",
      "cpf": "12345000011",
      "ativo": true
    }
  },
  {
    "model": "frota.condutor",
    "pk": 12,
    "fields": {
      "nome_completo": "Mônica Helena Silveira",
      "cpf": "12345000012",
      "ativo": true
    }
  },
  {
    "model": "frota.condutor",
    "pk": 13,
    "fields": {
      "nome_completo": "Wellington Jose Barros",
      "cpf": "12345000013",
      "ativo": true
    }
  },
  {
    "model": "frota.condutor",
    "pk": 14,
    "fields": {
      "nome_completo": "Daniela Freitas Viana",
      "cpf": "12345000014",
      "ativo": true
    }
  },
  {
    "model": "frota.condutor",
    "pk": 15,
    "fields": {
      "nome_completo": "Paulo Roberto Moreira",
      "cpf": "12345000015",
      "ativo": true
    }
  },
  {
    "model": "frota.condutor",
    "pk": 16,
    "fields": {
      "nome_completo": "Fernanda Torres Neves",
      "cpf": "12345000016",
      "ativo": true
    }
  },
  {
    "model": "frota.condutor",
    "pk": 17,
    "fields": {
      "nome_completo": "Jorge Luis Barbosa",
      "cpf": "12345000017",
      "ativo": true
    }
  },
  {
    "model": "frota.condutor",
    "pk": 18,
    "fields": {
      "nome_completo": "Eliana Castro Peixoto",
      "cpf": "12345000018",
      "ativo": true
    }
  },
  {
    "model": "frota.condutor",
    "pk": 19,
    "fields": {
      "nome_completo": "Marcelo Dantas Silva",
      "cpf": "12345000019",
      "ativo": true
    }
  },
  {
    "model": "frota.condutor",
    "pk": 20,
    "fields": {
      "nome_completo": "Cláudia Regina Amaral",
      "cpf": "12345000020",
      "ativo": true
    }
  },
  {
    "model": "frota.veiculo",
    "pk": 1,
    "fields": {
      "placa": "BRA2E24",
      "modelo": "Mercedes-Benz OF 1721 (Escolar)",
      "ano": 2016,
      "tipo_combustivel": "DIESEL",
      "secretaria": 1
    }
  },
  {
    "model": "frota.veiculo",
    "pk": 2,
    "fields": {
      "placa": "KRM4J12",
      "modelo": "Volkswagen Constellation 24.280",
      "ano": 2017,
      "tipo_combustivel": "DIESEL_S10",
      "secretaria": 1
    }
  },
  {
    "model": "frota.veiculo",
    "pk": 3,
    "fields": {
      "placa": "LPT9I55",
      "modelo": "Fiat Fiorino 1.4 Hard Working",
      "ano": 2018,
      "tipo_combustivel": "GASOLINA",
      "secretaria": 1
    }
  },
  {
    "model": "frota.veiculo",
    "pk": 4,
    "fields": {
      "placa": "OXX3C88",
      "modelo": "Chevrolet Onix 1.0 Joy",
      "ano": 2019,
      "tipo_combustivel": "ETANOL",
      "secretaria": 1
    }
  },
  {
    "model": "frota.veiculo",
    "pk": 5,
    "fields": {
      "placa": "PQL7B11",
      "modelo": "Renault Logan 1.6 Expression",
      "ano": 2020,
      "tipo_combustivel": "GNV",
      "secretaria": 1
    }
  },
  {
    "model": "frota.veiculo",
    "pk": 6,
    "fields": {
      "placa": "RRT1A09",
      "modelo": "Iveco Daily 55C17",
      "ano": 2021,
      "tipo_combustivel": "DIESEL",
      "secretaria": 1
    }
  },
  {
    "model": "frota.veiculo",
    "pk": 7,
    "fields": {
      "placa": "SAM5D32",
      "modelo": "Ford Cargo 1119",
      "ano": 2022,
      "tipo_combustivel": "DIESEL_S10",
      "secretaria": 1
    }
  },
  {
    "model": "frota.veiculo",
    "pk": 8,
    "fields": {
      "placa": "TKB8F44",
      "modelo": "Toyota Hilux 4x4 Diesel",
      "ano": 2023,
      "tipo_combustivel": "GASOLINA",
      "secretaria": 2
    }
  },
  {
    "model": "frota.veiculo",
    "pk": 9,
    "fields": {
      "placa": "UUA2G77",
      "modelo": "Mitsubishi L200 Triton",
      "ano": 2024,
      "tipo_combustivel": "ETANOL",
      "secretaria": 2
    }
  },
  {
    "model": "frota.veiculo",
    "pk": 10,
    "fields": {
      "placa": "VVI0H21",
      "modelo": "Fiat Uno Way 1.0",
      "ano": 2015,
      "tipo_combustivel": "GNV",
      "secretaria": 2
    }
  },
  {
    "model": "frota.veiculo",
    "pk": 11,
    "fields": {
      "placa": "WWM4K90",
      "modelo": "Scania P310 B8X2",
      "ano": 2016,
      "tipo_combustivel": "DIESEL",
      "secretaria": 2
    }
  },
  {
    "model": "frota.veiculo",
    "pk": 12,
    "fields": {
      "placa": "XXY5L33",
      "modelo": "Mercedes-Benz Sprinter 415",
      "ano": 2017,
      "tipo_combustivel": "DIESEL_S10",
      "secretaria": 2
    }
  },
  {
    "model": "frota.veiculo",
    "pk": 13,
    "fields": {
      "placa": "YYZ9M44",
      "modelo": "Honda NXR 160 Bros",
      "ano": 2018,
      "tipo_combustivel": "GASOLINA",
      "secretaria": 2
    }
  },
  {
    "model": "frota.veiculo",
    "pk": 14,
    "fields": {
      "placa": "ZZR3N11",
      "modelo": "Yamaha XTZ 250 Lander",
      "ano": 2019,
      "tipo_combustivel": "ETANOL",
      "secretaria": 2
    }
  },
  {
    "model": "frota.veiculo",
    "pk": 15,
    "fields": {
      "placa": "ABC1D22",
      "modelo": "Hyundai HB20 1.6",
      "ano": 2020,
      "tipo_combustivel": "GNV",
      "secretaria": 3
    }
  },
  {
    "model": "frota.veiculo",
    "pk": 16,
    "fields": {
      "placa": "DEF3E33",
      "modelo": "Renault Master Ambulância",
      "ano": 2021,
      "tipo_combustivel": "DIESEL",
      "secretaria": 3
    }
  },
  {
    "model": "frota.veiculo",
    "pk": 17,
    "fields": {
      "placa": "GHI5F44",
      "modelo": "Peugeot Partner Rapid",
      "ano": 2022,
      "tipo_combustivel": "DIESEL_S10",
      "secretaria": 3
    }
  },
  {
    "model": "frota.veiculo",
    "pk": 18,
    "fields": {
      "placa": "JKL7G55",
      "modelo": "Volkswagen Voyage 1.6",
      "ano": 2023,
      "tipo_combustivel": "GASOLINA",
      "secretaria": 3
    }
  },
  {
    "model": "frota.veiculo",
    "pk": 19,
    "fields": {
      "placa": "MNO9H66",
      "modelo": "Toyota Corolla Altis",
      "ano": 2024,
      "tipo_combustivel": "ETANOL",
      "secretaria": 3
    }
  },
  {
    "model": "frota.veiculo",
    "pk": 20,
    "fields": {
      "placa": "PQR1I77",
      "modelo": "Fiat Cronos 1.3 Drive",
      "ano": 2015,
      "tipo_combustivel": "GNV",
      "secretaria": 3
    }
  },
  {
    "model": "frota.lotacao",
    "pk": 1,
    "fields": {
      "data": "2026-03-01",
      "ativa": true,
      "condutor": 1,
      "rota": 1,
      "veiculo": 1
    }
  },
  {
    "model": "frota.lotacao",
    "pk": 2,
    "fields": {
      "data": "2026-03-01",
      "ativa": true,
      "condutor": 2,
      "rota": 2,
      "veiculo": 2
    }
  },
  {
    "model": "frota.lotacao",
    "pk": 3,
    "fields": {
      "data": "2026-03-01",
      "ativa": true,
      "condutor": 3,
      "rota": 3,
      "veiculo": 3
    }
  },
  {
    "model": "frota.lotacao",
    "pk": 4,
    "fields": {
      "data": "2026-03-01",
      "ativa": true,
      "condutor": 4,
      "rota": 4,
      "veiculo": 4
    }
  },
  {
    "model": "frota.lotacao",
    "pk": 5,
    "fields": {
      "data": "2026-03-01",
      "ativa": true,
      "condutor": 5,
      "rota": 5,
      "veiculo": 5
    }
  },
  {
    "model": "frota.lotacao",
    "pk": 6,
    "fields": {
      "data": "2026-03-01",
      "ativa": true,
      "condutor": 6,
      "rota": 6,
      "veiculo": 6
    }
  },
  {
    "model": "frota.lotacao",
    "pk": 7,
    "fields": {
      "data": "2026-03-01",
      "ativa": true,
      "condutor": 7,
      "rota": 7,
      "veiculo": 7
    }
  },
  {
    "model": "frota.lotacao",
    "pk": 8,
    "fields": {
      "data": "2026-03-01",
      "ativa": true,
      "condutor": 8,
      "rota": 8,
      "veiculo": 8
    }
  },
  {
    "model": "frota.lotacao",
    "pk": 9,
    "fields": {
      "data": "2026-03-01",
      "ativa": true,
      "condutor": 9,
      "rota": 9,
      "veiculo": 9
    }
  },
  {
    "model": "frota.lotacao",
    "pk": 10,
    "fields": {
      "data": "2026-03-01",
      "ativa": true,
      "condutor": 10,
      "rota": 10,
      "veiculo": 10
    }
  },
  {
    "model": "frota.lotacao",
    "pk": 11,
    "fields": {
      "data": "2026-03-01",
      "ativa": true,
      "condutor": 11,
      "rota": 11,
      "veiculo": 11
    }
  },
  {
    "model": "frota.lotacao",
    "pk": 12,
    "fields": {
      "data": "2026-03-01",
      "ativa": true,
      "condutor": 12,
      "rota": 12,
      "veiculo": 12
    }
  },
  {
    "model": "frota.lotacao",
    "pk": 13,
    "fields": {
      "data": "2026-03-01",
      "ativa": true,
      "condutor": 13,
      "rota": 13,
      "veiculo": 13
    }
  },
  {
    "model": "frota.lotacao",
    "pk": 14,
    "fields": {
      "data": "2026-03-01",
      "ativa": true,
      "condutor": 14,
      "rota": 14,
      "veiculo": 14
    }
  },
  {
    "model": "frota.lotacao",
    "pk": 15,
    "fields": {
      "data": "2026-03-01",
      "ativa": true,
      "condutor": 15,
      "rota": 15,
      "veiculo": 15
    }
  },
  {
    "model": "frota.lotacao",
    "pk": 16,
    "fields": {
      "data": "2026-03-01",
      "ativa": true,
      "condutor": 16,
      "rota": 16,
      "veiculo": 16
    }
  },
  {
    "model": "frota.lotacao",
    "pk": 17,
    "fields": {
      "data": "2026-03-01",
      "ativa": true,
      "condutor": 17,
      "rota": 17,
      "veiculo": 17
    }
  },
  {
    "model": "frota.lotacao",
    "pk": 18,
    "fields": {
      "data": "2026-03-01",
      "ativa": true,
      "condutor": 18,
      "rota": 18,
      "veiculo": 18
    }
  },
  {
    "model": "frota.lotacao",
    "pk": 19,
    "fields": {
      "data": "2026-03-01",
      "ativa": true,
      "condutor": 19,
      "rota": 19,
      "veiculo": 19
    }
  },
  {
    "model": "frota.lotacao",
    "pk": 20,
    "fields": {
      "data": "2026-03-01",
      "ativa": true,
      "condutor": 20,
      "rota": 20,
      "veiculo": 20
    }
  },
  {
    "model": "abastecimento.guiaabastecimento",
    "pk": 1,
    "fields": {
      "data_emissao": "2026-03-01",
      "tipo_servico": "ONIBUS",
      "tipo_combustivel": "DIESEL",
      "qtd_combustivel": "31.750",
      "qtd_oleo_lubrificante": "0.000",
      "hodometro": 10125,
      "observacao": "Revisão preventiva de filtros e lubrificação",
      "condutor": 1,
      "instituicao": 1,
      "secretaria": 1,
      "usuario": 1,
      "rota": 1,
      "veiculo": 1
    }
  },
  {
    "model": "abastecimento.guiaabastecimento",
    "pk": 2,
    "fields": {
      "data_emissao": "2026-03-02",
      "tipo_servico": "CAMINHONETE",
      "tipo_combustivel": "DIESEL_S10",
      "qtd_combustivel": "33.500",
      "qtd_oleo_lubrificante": "0.000",
      "hodometro": 10250,
      "observacao": "Abastecimento para viagem intermunicipal",
      "condutor": 2,
      "instituicao": 2,
      "secretaria": 1,
      "usuario": 1,
      "rota": 2,
      "veiculo": 2
    }
  },
  {
    "model": "abastecimento.guiaabastecimento",
    "pk": 3,
    "fields": {
      "data_emissao": "2026-03-03",
      "tipo_servico": "ROCAGEM",
      "tipo_combustivel": "GASOLINA",
      "qtd_combustivel": "35.250",
      "qtd_oleo_lubrificante": "2.000",
      "hodometro": 10375,
      "observacao": "Uso em galão para equipamentos de jardinagem",
      "condutor": 3,
      "instituicao": 3,
      "secretaria": 1,
      "usuario": 1,
      "rota": 3,
      "veiculo": 3
    }
  },
  {
    "model": "abastecimento.guiaabastecimento",
    "pk": 4,
    "fields": {
      "data_emissao": "2026-03-04",
      "tipo_servico": "MOTOCICLETA",
      "tipo_combustivel": "ETANOL",
      "qtd_combustivel": "37.000",
      "qtd_oleo_lubrificante": "0.000",
      "hodometro": 10500,
      "observacao": "Ronda patrimonial noturna",
      "condutor": 4,
      "instituicao": 4,
      "secretaria": 1,
      "usuario": 1,
      "rota": 4,
      "veiculo": 4
    }
  },
  {
    "model": "abastecimento.guiaabastecimento",
    "pk": 5,
    "fields": {
      "data_emissao": "2026-03-05",
      "tipo_servico": "BARQUEIRO",
      "tipo_combustivel": "GNV",
      "qtd_combustivel": "38.750",
      "qtd_oleo_lubrificante": "0.000",
      "hodometro": 10625,
      "observacao": "Transporte fluvial de merenda",
      "condutor": 5,
      "instituicao": 5,
      "secretaria": 1,
      "usuario": 1,
      "rota": 5,
      "veiculo": 5
    }
  },
  {
    "model": "abastecimento.guiaabastecimento",
    "pk": 6,
    "fields": {
      "data_emissao": "2026-03-06",
      "tipo_servico": "ONIBUS",
      "tipo_combustivel": "DIESEL",
      "qtd_combustivel": "40.500",
      "qtd_oleo_lubrificante": "2.000",
      "hodometro": 10750,
      "observacao": "Reparo no sistema de freios",
      "condutor": 6,
      "instituicao": 6,
      "secretaria": 1,
      "usuario": 1,
      "rota": 6,
      "veiculo": 6
    }
  },
  {
    "model": "abastecimento.guiaabastecimento",
    "pk": 7,
    "fields": {
      "data_emissao": "2026-03-07",
      "tipo_servico": "CAMINHONETE",
      "tipo_combustivel": "DIESEL_S10",
      "qtd_combustivel": "42.250",
      "qtd_oleo_lubrificante": "0.000",
      "hodometro": 10875,
      "observacao": "Transporte de mobiliário escolar",
      "condutor": 7,
      "instituicao": 7,
      "secretaria": 1,
      "usuario": 1,
      "rota": 7,
      "veiculo": 7
    }
  },
  {
    "model": "abastecimento.guiaabastecimento",
    "pk": 8,
    "fields": {
      "data_emissao": "2026-03-08",
      "tipo_servico": "ROCAGEM",
      "tipo_combustivel": "GASOLINA",
      "qtd_combustivel": "44.000",
      "qtd_oleo_lubrificante": "0.000",
      "hodometro": 11000,
      "observacao": "Limpeza de encostas",
      "condutor": 8,
      "instituicao": 8,
      "secretaria": 2,
      "usuario": 1,
      "rota": 8,
      "veiculo": 8
    }
  },
  {
    "model": "abastecimento.guiaabastecimento",
    "pk": 9,
    "fields": {
      "data_emissao": "2026-03-09",
      "tipo_servico": "MOTOCICLETA",
      "tipo_combustivel": "ETANOL",
      "qtd_combustivel": "45.750",
      "qtd_oleo_lubrificante": "2.000",
      "hodometro": 11125,
      "observacao": "Troca de óleo efetuada",
      "condutor": 9,
      "instituicao": 9,
      "secretaria": 2,
      "usuario": 1,
      "rota": 9,
      "veiculo": 9
    }
  },
  {
    "model": "abastecimento.guiaabastecimento",
    "pk": 10,
    "fields": {
      "data_emissao": "2026-03-10",
      "tipo_servico": "BARQUEIRO",
      "tipo_combustivel": "GNV",
      "qtd_combustivel": "47.500",
      "qtd_oleo_lubrificante": "0.000",
      "hodometro": 11250,
      "observacao": "Fiscalização de pesca predatória",
      "condutor": 10,
      "instituicao": 10,
      "secretaria": 2,
      "usuario": 1,
      "rota": 10,
      "veiculo": 10
    }
  },
  {
    "model": "abastecimento.guiaabastecimento",
    "pk": 11,
    "fields": {
      "data_emissao": "2026-03-11",
      "tipo_servico": "ONIBUS",
      "tipo_combustivel": "DIESEL",
      "qtd_combustivel": "49.250",
      "qtd_oleo_lubrificante": "0.000",
      "hodometro": 11375,
      "observacao": "Transporte de brigadistas",
      "condutor": 11,
      "instituicao": 11,
      "secretaria": 2,
      "usuario": 1,
      "rota": 11,
      "veiculo": 11
    }
  },
  {
    "model": "abastecimento.guiaabastecimento",
    "pk": 12,
    "fields": {
      "data_emissao": "2026-03-12",
      "tipo_servico": "CAMINHONETE",
      "tipo_combustivel": "DIESEL_S10",
      "qtd_combustivel": "51.000",
      "qtd_oleo_lubrificante": "2.000",
      "hodometro": 11500,
      "observacao": "Manutenção preventiva 10k km",
      "condutor": 12,
      "instituicao": 12,
      "secretaria": 2,
      "usuario": 1,
      "rota": 12,
      "veiculo": 12
    }
  },
  {
    "model": "abastecimento.guiaabastecimento",
    "pk": 13,
    "fields": {
      "data_emissao": "2026-03-13",
      "tipo_servico": "ROCAGEM",
      "tipo_combustivel": "GASOLINA",
      "qtd_combustivel": "52.750",
      "qtd_oleo_lubrificante": "0.000",
      "hodometro": 11625,
      "observacao": "Poda de árvores via pública",
      "condutor": 13,
      "instituicao": 13,
      "secretaria": 2,
      "usuario": 1,
      "rota": 13,
      "veiculo": 13
    }
  },
  {
    "model": "abastecimento.guiaabastecimento",
    "pk": 14,
    "fields": {
      "data_emissao": "2026-03-14",
      "tipo_servico": "MOTOCICLETA",
      "tipo_combustivel": "ETANOL",
      "qtd_combustivel": "54.500",
      "qtd_oleo_lubrificante": "0.000",
      "hodometro": 11750,
      "observacao": "Entrega de notificações ambientais",
      "condutor": 14,
      "instituicao": 14,
      "secretaria": 2,
      "usuario": 1,
      "rota": 14,
      "veiculo": 14
    }
  },
  {
    "model": "abastecimento.guiaabastecimento",
    "pk": 15,
    "fields": {
      "data_emissao": "2026-03-15",
      "tipo_servico": "BARQUEIRO",
      "tipo_combustivel": "GNV",
      "qtd_combustivel": "56.250",
      "qtd_oleo_lubrificante": "2.000",
      "hodometro": 11875,
      "observacao": "Limpeza de margens de rios",
      "condutor": 15,
      "instituicao": 15,
      "secretaria": 3,
      "usuario": 1,
      "rota": 15,
      "veiculo": 15
    }
  },
  {
    "model": "abastecimento.guiaabastecimento",
    "pk": 16,
    "fields": {
      "data_emissao": "2026-03-16",
      "tipo_servico": "ONIBUS",
      "tipo_combustivel": "DIESEL",
      "qtd_combustivel": "58.000",
      "qtd_oleo_lubrificante": "0.000",
      "hodometro": 12000,
      "observacao": "Atendimento odontológico itinerante",
      "condutor": 16,
      "instituicao": 16,
      "secretaria": 3,
      "usuario": 1,
      "rota": 16,
      "veiculo": 16
    }
  },
  {
    "model": "abastecimento.guiaabastecimento",
    "pk": 17,
    "fields": {
      "data_emissao": "2026-03-17",
      "tipo_servico": "CAMINHONETE",
      "tipo_combustivel": "DIESEL_S10",
      "qtd_combustivel": "59.750",
      "qtd_oleo_lubrificante": "0.000",
      "hodometro": 12125,
      "observacao": "Logística de insumos hospitalares",
      "condutor": 17,
      "instituicao": 17,
      "secretaria": 3,
      "usuario": 1,
      "rota": 17,
      "veiculo": 17
    }
  },
  {
    "model": "abastecimento.guiaabastecimento",
    "pk": 18,
    "fields": {
      "data_emissao": "2026-03-18",
      "tipo_servico": "ROCAGEM",
      "tipo_combustivel": "GASOLINA",
      "qtd_combustivel": "61.500",
      "qtd_oleo_lubrificante": "2.000",
      "hodometro": 12250,
      "observacao": "Combate a focos de mosquito",
      "condutor": 18,
      "instituicao": 18,
      "secretaria": 3,
      "usuario": 1,
      "rota": 18,
      "veiculo": 18
    }
  },
  {
    "model": "abastecimento.guiaabastecimento",
    "pk": 19,
    "fields": {
      "data_emissao": "2026-03-19",
      "tipo_servico": "MOTOCICLETA",
      "tipo_combustivel": "ETANOL",
      "qtd_combustivel": "63.250",
      "qtd_oleo_lubrificante": "0.000",
      "hodometro": 12375,
      "observacao": "Entrega de exames laboratoriais",
      "condutor": 19,
      "instituicao": 19,
      "secretaria": 3,
      "usuario": 1,
      "rota": 19,
      "veiculo": 19
    }
  },
  {
    "model": "abastecimento.guiaabastecimento",
    "pk": 20,
    "fields": {
      "data_emissao": "2026-03-20",
      "tipo_servico": "BARQUEIRO",
      "tipo_combustivel": "GNV",
      "qtd_combustivel": "65.000",
      "qtd_oleo_lubrificante": "0.000",
      "hodometro": 12500,
      "observacao": "Atendimento médico em comunidades ribeirinhas",
      "condutor": 20,
      "instituicao": 20,
      "secretaria": 3,
      "usuario": 1,
      "rota": 20,
      "veiculo": 20
    }
  }
]